Ingredient,Supermarket,Product name,Pack size,Price GBP,Product URL,Price checked date,Notes
5% beef mince,Aldi,Ashfields British Lean Beef Steak Mince 5% Fat,500 g,5.05,https://www.aldi.co.uk/product/ashfields-british-lean-beef-steak-mince-5-fat-000000000000575278,2026-10-06,"Price captured from official Aldi product-page listing during the 6 October 2026 review; offers, local prices and availability can change."
Banana,Aldi,Nature's Pick Bananas,5 pieces,0.78,https://www.aldi.co.uk/product/nature-s-pick-bananas-000000000000267180,2026-10-06,"Price captured from official Aldi product-page listing during the 6 October 2026 review; offers, local prices and availability can change."
BBQ sauce,Aldi,Bramwells BBQ Sauce,460 g,0.85,https://www.aldi.co.uk/product/bramwells-bbq-sauce-000000000000540095,2026-10-06,"Price captured from official Aldi product-page listing during the 6 October 2026 review; offers, local prices and availability can change."
Blueberries,Aldi,Nature's Pick Blueberries,150 g,1.69,https://www.aldi.co.uk/product/nature-s-pick-blueberries-000000000000276890,2026-10-06,"Price captured from official Aldi product-page listing during the 6 October 2026 review; offers, local prices and availability can change."
Broccoli,Aldi,Nature's Pick British Broccoli,360 g,0.86,https://www.aldi.co.uk/product/nature-s-pick-british-broccoli-000000000000339776,2026-10-06,"Price captured from official Aldi product-page listing during the 6 October 2026 review; offers, local prices and availability can change."
Cheddar,Aldi,Emporium British Extra Mature Cheddar Cheese,400 g,2.45,https://www.aldi.co.uk/product/emporium-british-extra-mature-cheddar-cheese-000000000000522620,2026-10-06,"Price captured from official Aldi product-page listing during the 6 October 2026 review; offers, local prices and availability can change."
Chicken breast,Aldi,Everyday Essentials Chicken Breast Fillets,1000 g,4.25,https://www.aldi.co.uk/product/everyday-essentials-chicken-breast-fillets-000000000000365448,2026-10-06,Official ALDI product page lists 1 kg at £4.25; page warns online and in-store prices may vary.
Chicken stock,Aldi,Bramwells Chicken Stock Cubes,120 g,0.69,https://www.aldi.co.uk/product/bramwells-chicken-stock-cubes-000000000000633943,2026-10-06,"Price captured from official Aldi product-page listing during the 6 October 2026 review; offers, local prices and availability can change."
Chopped tomatoes,Aldi,Everyday Essentials Chopped Tomatoes in Tomato Juice,400 g,0.43,https://www.aldi.co.uk/product/everyday-essentials-chopped-tomatoes-in-tomato-juice-000000000000278702,2026-10-06,"Price captured from official Aldi product-page listing during the 6 October 2026 review; offers, local prices and availability can change."
Cinnamon,Aldi,Ready Set Cook Ground Cinnamon,40 g,0.89,https://www.aldi.co.uk/product/ready-set-cook-ground-cinnamon-000000000000335976,2026-10-06,"Price captured from official Aldi product-page listing during the 6 October 2026 review; offers, local prices and availability can change."
Cooking oil,Aldi,Solesta Vegetable Oil,1000 ml,1.45,https://www.aldi.co.uk/product/solesta-vegetable-oil-000000000000335872,2026-10-06,"Price captured from official Aldi product-page listing during the 6 October 2026 review; offers, local prices and availability can change."
Cottage cheese,Aldi,Everyday Essentials Low Fat Cottage Cheese,300 g,0.85,https://www.aldi.co.uk/product/everyday-essentials-low-fat-cottage-cheese-000000000000416217,2026-10-06,"Price captured from official Aldi product-page listing during the 6 October 2026 review; offers, local prices and availability can change."
Courgette,Aldi,Nature's Pick Courgettes,500 g,1.39,https://www.aldi.co.uk/product/nature-s-pick-courgettes-000000000000339808,2026-10-06,"Price captured from official Aldi product-page listing during the 6 October 2026 review; offers, local prices and availability can change."
Cucumber,Aldi,Nature's Pick Cucumber,1 pieces,0.99,https://www.aldi.co.uk/product/nature-s-pick-cucumber-000000000000273659,2026-10-06,"Price captured from official Aldi product-page listing during the 6 October 2026 review; offers, local prices and availability can change."
Curry paste,Aldi,Ready Set Cook Thai Red Curry Paste,180 g,1.39,https://www.aldi.co.uk/product/ready-set-cook-thai-red-curry-paste-000000000557102001,2026-10-06,"Price captured from official Aldi product-page listing during the 6 October 2026 review; offers, local prices and availability can change."
Curry powder,Aldi,Ready Set Cook Mild Curry Powder,90 g,0.89,https://www.aldi.co.uk/product/ready-set-cook-mild-curry-powder-000000000336690002,2026-10-06,"Price captured from official Aldi product-page listing during the 6 October 2026 review; offers, local prices and availability can change."
Dried mixed herbs,Aldi,Ready Set Cook Mixed Herbs,11 g,0.59,https://www.aldi.co.uk/product/ready-set-cook-mixed-herbs-000000000000335977,2026-10-06,"Price captured from official Aldi product-page listing during the 6 October 2026 review; offers, local prices and availability can change."
Eggs,Aldi,Merevale Free Range Eggs 6 Pack,6 pieces,0.99,https://www.aldi.co.uk/product/merevale-free-range-eggs-6-pack-000000000000548465,2026-10-06,"Price captured from official Aldi product-page listing during the 6 October 2026 review; offers, local prices and availability can change."
Feta cheese,Aldi,Specially Selected Barrel Aged Feta Cheese,200 g,2.59,https://www.aldi.co.uk/product/specially-selected-barrel-aged-feta-cheese-000000000000558048,2026-10-06,"Price captured from official Aldi product-page listing during the 6 October 2026 review; offers, local prices and availability can change."
Firm tofu,Aldi,Plant Menu Organic Super Firm Tofu,180 g,0.95,https://www.aldi.co.uk/product/plant-menu-organic-super-firm-tofu-000000000513086001,2026-10-06,"Price captured from official Aldi product-page listing during the 6 October 2026 review; offers, local prices and availability can change."
Grapes,Aldi,Nature's Pick White Seedless Grapes,500 g,1.89,https://www.aldi.co.uk/product/nature-s-pick-white-seedless-grapes-000000000000266267,2026-10-06,"Price captured from official Aldi product-page listing during the 6 October 2026 review; offers, local prices and availability can change."
Halloumi,Aldi,Emporium Halloumi Plain,225 g,1.99,https://www.aldi.co.uk/product/emporium-halloumi-plain-225g-000000000000612513,2026-10-06,"Price captured from official Aldi product-page listing during the 6 October 2026 review; offers, local prices and availability can change."
Lentils,Aldi,Four Seasons Tinned Lentils,400 g,0.45,https://www.aldi.co.uk/product/four-seasons-tinned-lentils-000000000627180002,2026-10-06,"Price captured from official Aldi product-page listing during the 6 October 2026 review; offers, local prices and availability can change."
Milk,Aldi,Cowbelle Filtered British Semi Skimmed Milk,2000 ml,1.69,https://www.aldi.co.uk/product/cowbelle-filtered-british-semi-skimmed-milk-000000000000417584,2026-10-06,"Price captured from official Aldi product-page listing during the 6 October 2026 review; offers, local prices and availability can change."
Mustard,Aldi,Bramwells English Mustard,200 g,0.49,https://www.aldi.co.uk/product/bramwells-english-mustard-000000000335764002,2026-10-06,"Price captured from official Aldi product-page listing during the 6 October 2026 review; offers, local prices and availability can change."
Noodles,Aldi,Ready Set Cook Rice Noodles,300 g,0.99,https://www.aldi.co.uk/product/ready-set-cook-rice-noodles-000000000340666001,2026-10-06,Official ALDI product-page snapshot for rice noodles; check this is the noodle type required by the recipe.
Oats,Aldi,Everyday Essentials Porridge Oats,1000 g,0.85,https://www.aldi.co.uk/product/everyday-essentials-porridge-oats-000000000000337387,2026-10-06,"Price captured from official Aldi product-page listing during the 6 October 2026 review; offers, local prices and availability can change."
Paprika,Aldi,Ready Set Cook Paprika,40 g,0.69,https://www.aldi.co.uk/product/ready-set-cook-paprika-000000000000575019,2026-10-06,"Price captured from official Aldi product-page listing during the 6 October 2026 review; offers, local prices and availability can change."
Pasta,Aldi,Everyday Essentials Spaghetti Pasta,500 g,0.28,https://www.aldi.co.uk/product/everyday-essentials-spaghetti-pasta-500g-000000000000306030,2026-10-06,"Price captured from official Aldi product-page listing during the 6 October 2026 review; offers, local prices and availability can change."
Peanut butter,Aldi,Grandessa Smooth Peanut Butter,340 g,0.95,https://www.aldi.co.uk/product/grandessa-smooth-peanut-butter-000000000283841001,2026-10-06,"Price captured from official Aldi product-page listing during the 6 October 2026 review; offers, local prices and availability can change."
Pesto,Aldi,Cucina Basil Pesto,190 g,0.89,https://www.aldi.co.uk/product/cucina-basil-pesto-000000000337284001,2026-10-06,"Price captured from official Aldi product-page listing during the 6 October 2026 review; offers, local prices and availability can change."
Prawns,Aldi,Specially Selected Cooked Peeled Extra Large King Prawns,150 g,2.99,https://www.aldi.co.uk/product/specially-selected-cooked-peeled-extra-large-king-prawns-000000000000602839,2026-10-06,"Price captured from official Aldi product-page listing during the 6 October 2026 review; offers, local prices and availability can change."
Red lentils,Aldi,Worldwide Foods Red Lentils,500 g,0.89,https://www.aldi.co.uk/product/worldwide-foods-red-lentils-000000000000336258,2026-10-06,"Price captured from official Aldi product-page listing during the 6 October 2026 review; offers, local prices and availability can change."
Rice,Aldi,Worldwide Foods Basmati Rice,1000 g,1.79,https://www.aldi.co.uk/product/worldwide-foods-basmati-rice-000000000000262344,2026-10-06,"Price captured from official Aldi product-page listing during the 6 October 2026 review; offers, local prices and availability can change."
Romaine lettuce,Aldi,Nature's Pick British Romaine Lettuce,2 pieces,1.15,https://www.aldi.co.uk/product/nature-s-pick-british-romaine-lettuce-000000000000339921,2026-10-06,"Price captured from official Aldi product-page listing during the 6 October 2026 review; offers, local prices and availability can change."
Salmon fillet,Aldi,The Fishmonger Salmon Fillets,240 g,3.59,https://www.aldi.co.uk/product/the-fishmonger-salmon-fillets-000000000000381995,2026-10-06,"Price captured from official Aldi product-page listing during the 6 October 2026 review; offers, local prices and availability can change."
Spinach,Aldi,Nature's Pick British Baby Spinach,450 g,1.59,https://www.aldi.co.uk/product/nature-s-pick-british-baby-spinach-000000000000340023,2026-10-06,"Price captured from official Aldi product-page listing during the 6 October 2026 review; offers, local prices and availability can change."
Strawberries,Aldi,Nature's Pick Strawberries,400 g,2.15,https://www.aldi.co.uk/product/nature-s-pick-strawberries-000000000000339980,2026-10-06,"Price captured from official Aldi product-page listing during the 6 October 2026 review; offers, local prices and availability can change."
Teriyaki sauce,Aldi,Asia Specialities Teriyaki Sauce,285 g,1.39,https://www.aldi.co.uk/product/asia-specialities-teriyaki-sauce-000000000337196003,2026-10-06,"Price captured from official Aldi product-page listing during the 6 October 2026 review; offers, local prices and availability can change."
Turkey mince,Aldi,Ashfields British Turkey Mince 7% Fat,500 g,2.99,https://www.aldi.co.uk/product/ashfields-british-turkey-mince-7-fat-000000000000386144,2026-10-06,"Price captured from official Aldi product-page listing during the 6 October 2026 review; offers, local prices and availability can change."
Wholemeal bread,Aldi,Everyday Essentials Medium Sliced Wholemeal Bread,800 g,0.55,https://www.aldi.co.uk/product/everyday-essentials-medium-sliced-wholemeal-bread-000000000383372002,2026-10-06,"Price captured from official Aldi product-page listing during the 6 October 2026 review; offers, local prices and availability can change."
5% beef mince,Asda,ASDA Beef Mince <5% Fat 500g,500 g,5.15,https://www.asda.com/groceries/product/beef-mince-meatballs/asda-butchers-selection-lean-beef-mince-typically-less-than-5-fat/5391423,2026-10-06,Official ASDA product listing reported £5.15 for the 500 g pack in the reviewed page data; verify the displayed price before using.
Bagel,Asda,New York Bakery Co Original Bagels,5 pieces,1.87,https://www.asda.com/groceries/product/bagels/new-york-bakery-co-original-bagels/4095971,2026-10-06,"Price captured from official Asda product-page listing during the 6 October 2026 review; offers, local prices and availability can change."
Blueberries,Asda,ASDA Blueberries,300 g,3.12,https://www.asda.com/groceries/product/blueberries/asda-blueberries-300g/6755715,2026-10-06,"Price captured from official Asda product-page listing during the 6 October 2026 review; offers, local prices and availability can change."
Broccoli,Asda,ASDA Tender & Crunchy Broccoli,360 g,0.74,https://www.asda.com/groceries/product/default/asda-growers-selection-broccoli/5561471,2026-10-06,"Official ASDA page showed £0.74 (was £0.86) in the captured page; likely promotion, recheck before buying."
Cannellini beans,Asda,ASDA Cannellini Beans in Water,400 g,0.45,https://www.asda.com/groceries/product/tinned-pulses-lentils/asda-cannellini-beans-in-water-400g/6038333,2026-10-06,"Price captured from official Asda product-page listing during the 6 October 2026 review; offers, local prices and availability can change."
Chia seeds,Asda,ASDA Chia Seeds,150 g,1.54,https://www.asda.com/groceries/product/baking-nuts-seeds-fruit/asda-chia-seeds-150g/5519935,2026-10-06,"Price captured from official Asda product-page listing during the 6 October 2026 review; offers, local prices and availability can change."
Chicken breast,Asda,ASDA British Chicken Breast Fillets,1000 g,7.00,https://www.asda.com/groceries/product/chicken-breasts/asda-tender-chicken-breast-fillets-1kg/4778498,2026-10-06,Official ASDA page currently lists 1 kg at £7.00 (£7.00/kg); ASDA notes local prices and availability may vary.
Chicken stock,Asda,ASDA Chicken Stock Cubes,120 g,1.25,https://www.asda.com/groceries/product/stock/asda-chicken-stock-cubes-12-x-10g-120g-/2687967,2026-10-06,"Price captured from official Asda product-page listing during the 6 October 2026 review; offers, local prices and availability can change."
Chickpeas,Asda,ASDA Chickpeas,400 g,0.41,https://www.asda.com/groceries/product/5016063,2026-10-06,"Price captured from official Asda product-page listing during the 6 October 2026 review; offers, local prices and availability can change."
Chopped tomatoes,Asda,JUST ESSENTIALS by ASDA Chopped Tomatoes,400 g,0.43,https://www.asda.com/groceries/product/tinned-tomatoes/just-essentials-by-asda-just-essentials-chopped-tomatoes-400g/22744,2026-10-06,"Price captured from official Asda product-page listing during the 6 October 2026 review; offers, local prices and availability can change."
Cocoa powder,Asda,ASDA Cocoa Powder,250 g,3.34,https://www.asda.com/groceries/product/cocoa/asda-cocoa-250g/1823351,2026-10-06,"Price captured from official Asda product-page listing during the 6 October 2026 review; offers, local prices and availability can change."
Cod fillet,Asda,ASDA Cod Fillets,320 g,6.27,https://www.asda.com/groceries/product/frozen-fish-fillets/asda-cod-fillets-by-320g/9221543,2026-10-06,"Price captured from official Asda product-page listing during the 6 October 2026 review; offers, local prices and availability can change."
Cottage cheese,Asda,JUST ESSENTIALS by ASDA Cottage Cheese,300 g,0.87,https://www.asda.com/groceries/product/cottage-cheese-quark/just-essentials-by-asda-cottage-cheese-300g/7449545,2026-10-06,"Price captured from official Asda product-page listing during the 6 October 2026 review; offers, local prices and availability can change."
Courgette,Asda,ASDA Courgettes (typically 0.35kg),350 g,0.82,https://www.asda.com/groceries/product/courgettes/asda-courgettes-typically-0-35kg-/150567,2026-10-06,"Price captured from official Asda product-page listing during the 6 October 2026 review; offers, local prices and availability can change."
Dark chocolate,Asda,ASDA Dark Chocolate,200 g,2.28,https://www.asda.com/groceries/product/sharing-chocolate-bars/asda-dark-chocolate-200g/9112838,2026-10-06,"Price captured from official Asda product-page listing during the 6 October 2026 review; offers, local prices and availability can change."
Edamame beans,Asda,ASDA Edamame Soya Beans,600 g,3.42,https://www.asda.com/groceries/product/view-all-frozen-vegetables/asda-edamame-soya-beans-600g/5542185,2026-10-06,"Price captured from official Asda product-page listing during the 6 October 2026 review; offers, local prices and availability can change."
Eggs,Asda,ASDA Free Range 6 Large Eggs,6 pieces,2.10,https://www.asda.com/groceries/product/free-range-eggs/asda-6-free-range-large-eggs/166779,2026-10-06,"Price captured from official Asda product-page listing during the 6 October 2026 review; offers, local prices and availability can change."
Halloumi,Asda,ASDA Halloumi,225 g,1.97,https://www.asda.com/groceries/product/feta-halloumi-salad/asda-halloumi-225g/6487115,2026-10-06,"Price captured from official Asda product-page listing during the 6 October 2026 review; offers, local prices and availability can change."
High-protein natural yoghurt,Asda,ASDA Fat Free Protein Natural Yogurt,500 g,1.85,https://www.asda.com/groceries/product/high-in-protein/asda-fat-free-protein-natural-yogurt-500g/9375176,2026-10-06,"Price captured from official Asda product-page listing during the 6 October 2026 review; offers, local prices and availability can change."
Milk,Asda,ASDA British Filtered Semi Skimmed Milk,2000 ml,2.08,https://www.asda.com/groceries/product/filtered-milk/asda-british-milk-filtered-semi-skimmed-2-litres/7504719,2026-10-06,"Price captured from official Asda product-page listing during the 6 October 2026 review; offers, local prices and availability can change."
Noodles,Asda,ASDA Straight to Wok Noodles,300 g,1.00,https://www.asda.com/groceries/product/noodles/asda-straight-to-wok-noodles-300g/5295909,2026-10-06,"Price captured from official Asda product-page listing during the 6 October 2026 review; offers, local prices and availability can change."
Oats,Asda,ASDA Scottish Porridge Oats,1000 g,1.18,https://www.asda.com/groceries/product/traditional-porridge-oats/asda-scottish-porridge-oats-1kg/5805443,2026-10-06,Official ASDA page displayed £1.18 against a previous £1.25 price; offer may change.
Olive oil,Asda,ASDA Olive Oil,500 ml,5.50,https://www.asda.com/groceries/product/olive-oil/asda-olive-oil-500ml/9019015,2026-10-06,"Price captured from official Asda product-page listing during the 6 October 2026 review; offers, local prices and availability can change."
Onion,Asda,ASDA Brown Onions,1000 g,0.98,https://www.asda.com/groceries/product/onions-leeks/asda-brown-onions-1kg/2110666,2026-10-06,"Price captured from official Asda product-page listing during the 6 October 2026 review; offers, local prices and availability can change."
Paprika,Asda,Cook by ASDA Paprika,46 g,1.00,https://www.asda.com/groceries/product/spices/cook-by-asda-cook-paprika-46g/544306,2026-10-06,"Price captured from official Asda product-page listing during the 6 October 2026 review; offers, local prices and availability can change."
Passata,Asda,ASDA Passata,500 g,0.60,https://www.asda.com/groceries/product/passata-and-tomato-puree/asda-passata-500g/226958,2026-10-06,"Price captured from official Asda product-page listing during the 6 October 2026 review; offers, local prices and availability can change."
Pasta,Asda,ASDA Spaghetti,500 g,0.75,https://www.asda.com/groceries/product/spaghetti-tagliatelle/spaghetti-500g/12943,2026-10-06,Official ASDA page showed £0.75 for one 500 g pack; a multibuy offer was also displayed and may change.
Pesto,Asda,Exceptional by ASDA Pesto Alla Genovese,190 g,2.00,https://www.asda.com/groceries/product/pesto/exceptional-by-asda-pesto-alla-genovese-190g/9009352,2026-10-06,"Price captured from official Asda product-page listing during the 6 October 2026 review; offers, local prices and availability can change."
Potato,Asda,ASDA British White Potatoes,2000 g,1.32,https://www.asda.com/groceries/product/white-potatoes/asda-british-white-potatoes-2kg/9402722,2026-10-06,"Price captured from official Asda product-page listing during the 6 October 2026 review; offers, local prices and availability can change."
Prawns,Asda,ASDA Succulent Cooked Peeled Cold Water Prawns,150 g,3.57,https://www.asda.com/groceries/product/prawns-mussels/asda-succulent-cooked-peeled-cold-water-prawns-150g/6305703,2026-10-06,"Price captured from official Asda product-page listing during the 6 October 2026 review; offers, local prices and availability can change."
Quark,Asda,Arla Quark Natural Fat Free Soft Cheese,250 g,1.30,https://www.asda.com/groceries/product/cottage-cheese-quark/arla-quark-natural-fat-free-soft-cheese-250g/9370148,2026-10-06,"Price captured from official Asda product-page listing during the 6 October 2026 review; offers, local prices and availability can change."
Red lentils,Asda,ASDA Red Lentils,500 g,2.00,https://www.asda.com/groceries/product/5021677,2026-10-06,"Price captured from official Asda product-page listing during the 6 October 2026 review; offers, local prices and availability can change."
Rice,Asda,ASDA Easy Cook Long Grain White Rice,1000 g,1.25,https://www.asda.com/groceries/product/long-grain-basmati-rice/asda-easy-cook-long-grain-white-rice/9132441,2026-10-06,"Price captured from official Asda product-page listing during the 6 October 2026 review; offers, local prices and availability can change."
Sweet potato,Asda,ASDA Creamy & Flavoursome Sweet Potatoes,1000 g,1.24,https://www.asda.com/groceries/product/sweet-potatoes/asda-creamy-flavoursome-sweet-potatoes-1kg/2076628,2026-10-06,"Price captured from official Asda product-page listing during the 6 October 2026 review; offers, local prices and availability can change."
Sweetcorn,Asda,ASDA Frozen for Freshness Sweetcorn,1000 g,1.70,https://www.asda.com/groceries/product/vegetables/asda-frozen-for-freshness-sweetcorn/2027119,2026-10-06,"Price captured from official Asda product-page listing during the 6 October 2026 review; offers, local prices and availability can change."
Teriyaki sauce,Asda,ASDA Teriyaki Sauce,300 g,2.24,https://www.asda.com/groceries/product/hot-chilli-sauces/asda-teriyaki-sauce-300g/9289308,2026-10-06,"Price captured from official Asda product-page listing during the 6 October 2026 review; offers, local prices and availability can change."
Tuna,Asda,ASDA Skipjack Tuna Chunks in Spring Water,145 g,0.65,https://www.asda.com/groceries/product/tuna/asda-skipjack-tuna-chunks-in-spring-water/6117168,2026-10-06,"Price captured from official Asda product-page listing during the 6 October 2026 review; offers, local prices and availability can change."
Turkey mince,Asda,ASDA Lean Turkey Mince,500 g,4.17,https://www.asda.com/groceries/product/turkey/asda-lean-turkey-mince-500g/4457673,2026-10-06,"Price captured from official Asda product-page listing during the 6 October 2026 review; offers, local prices and availability can change."
Turkey sausages,Asda,ASDA 8 Succulent Turkey Sausages,454 g,3.50,https://www.asda.com/groceries/product/sausages/asda-8-succulent-turkey-sausages-454g/5082487,2026-10-06,"Price captured from official Asda product-page listing during the 6 October 2026 review; offers, local prices and availability can change."
Walnuts,Asda,ASDA Walnuts,200 g,2.18,https://www.asda.com/groceries/product/raw-nuts-seeds/asda-walnuts-200g/7359203,2026-10-06,"Price captured from official Asda product-page listing during the 6 October 2026 review; offers, local prices and availability can change."
Wholemeal bread,Asda,The Bakery at ASDA Farmhouse Wholemeal Bread,440 g,0.93,https://www.asda.com/groceries/product/wholemeal-bread/the-bakery-at-asda-the-bakery-farmhouse-wholemeal-440g/7427615,2026-10-06,"Price captured from official Asda product-page listing during the 6 October 2026 review; offers, local prices and availability can change."
Wholemeal wrap,Asda,The Bakery at ASDA 8 Wholemeal Wraps,8 pieces,1.32,https://www.asda.com/groceries/product/wraps/the-bakery-at-asda-the-bakery-8-wholemeal-wraps-488g/3207137,2026-10-06,"Price captured from official Asda product-page listing during the 6 October 2026 review; offers, local prices and availability can change."
