Ingredient,Retailer,Direct official product page URL,Product name,Pack size,Price GBP,Price checked date,Status,Notes
0% Greek yoghurt,Asda,,,,,,no_verified_direct_product_page,No direct official product-detail page has been verified for this ingredient. No search-engine link or price is supplied.
0% Greek yoghurt,Aldi,,,,,,no_verified_direct_product_page,No direct official product-detail page has been verified for this ingredient. No search-engine link or price is supplied.
5% beef mince,Asda,https://www.asda.com/groceries/product/beef-mince-meatballs/asda-butchers-selection-lean-beef-mince-typically-less-than-5-fat/5391423,ASDA Beef Mince <5% Fat 500g,500 g,5.15,2026-10-06,verified_price_snapshot,Official ASDA product listing reported £5.15 for the 500 g pack in the reviewed page data; verify the displayed price before using.
5% beef mince,Aldi,https://www.aldi.co.uk/product/ashfields-british-lean-beef-steak-mince-5-fat-000000000000575278,Ashfields British Lean Beef Steak Mince 5% Fat,500 g,5.05,2026-10-06,verified_price_snapshot,"Price captured from official Aldi product-page listing during the 6 October 2026 review; offers, local prices and availability can change."
Apple,Asda,,,,,,no_verified_direct_product_page,No direct official product-detail page has been verified for this ingredient. No search-engine link or price is supplied.
Apple,Aldi,,,,,,no_verified_direct_product_page,No direct official product-detail page has been verified for this ingredient. No search-engine link or price is supplied.
Bagel,Asda,https://www.asda.com/groceries/product/bagels/new-york-bakery-co-original-bagels/4095971,New York Bakery Co Original Bagels,5 pieces,1.87,2026-10-06,verified_price_snapshot,"Price captured from official Asda product-page listing during the 6 October 2026 review; offers, local prices and availability can change."
Bagel,Aldi,,,,,,no_verified_direct_product_page,No direct official product-detail page has been verified for this ingredient. No search-engine link or price is supplied.
Banana,Asda,,,,,,no_verified_direct_product_page,No direct official product-detail page has been verified for this ingredient. No search-engine link or price is supplied.
Banana,Aldi,https://www.aldi.co.uk/product/nature-s-pick-bananas-000000000000267180,Nature's Pick Bananas,5 pieces,0.78,2026-10-06,verified_price_snapshot,"Price captured from official Aldi product-page listing during the 6 October 2026 review; offers, local prices and availability can change."
BBQ sauce,Asda,,,,,,no_verified_direct_product_page,No direct official product-detail page has been verified for this ingredient. No search-engine link or price is supplied.
BBQ sauce,Aldi,https://www.aldi.co.uk/product/bramwells-bbq-sauce-000000000000540095,Bramwells BBQ Sauce,460 g,0.85,2026-10-06,verified_price_snapshot,"Price captured from official Aldi product-page listing during the 6 October 2026 review; offers, local prices and availability can change."
Black beans,Asda,,,,,,no_verified_direct_product_page,No direct official product-detail page has been verified for this ingredient. No search-engine link or price is supplied.
Black beans,Aldi,https://www.aldi.co.uk/product/four-seasons-tinned-black-beans-000000000627180001,Four Seasons Tinned Black Beans,400 g,,,direct_product_page_price_unverified,Direct official ALDI page for tinned black beans. Price intentionally left blank because the indexed price may be stale.
Blueberries,Asda,https://www.asda.com/groceries/product/blueberries/asda-blueberries-300g/6755715,ASDA Blueberries,300 g,3.12,2026-10-06,verified_price_snapshot,"Price captured from official Asda product-page listing during the 6 October 2026 review; offers, local prices and availability can change."
Blueberries,Aldi,https://www.aldi.co.uk/product/nature-s-pick-blueberries-000000000000276890,Nature's Pick Blueberries,150 g,1.69,2026-10-06,verified_price_snapshot,"Price captured from official Aldi product-page listing during the 6 October 2026 review; offers, local prices and availability can change."
Broccoli,Asda,https://www.asda.com/groceries/product/default/asda-growers-selection-broccoli/5561471,ASDA Tender & Crunchy Broccoli,360 g,0.74,2026-10-06,verified_price_snapshot,"Official ASDA page showed £0.74 (was £0.86) in the captured page; likely promotion, recheck before buying."
Broccoli,Aldi,https://www.aldi.co.uk/product/nature-s-pick-british-broccoli-000000000000339776,Nature's Pick British Broccoli,360 g,0.86,2026-10-06,verified_price_snapshot,"Price captured from official Aldi product-page listing during the 6 October 2026 review; offers, local prices and availability can change."
Cannellini beans,Asda,https://www.asda.com/groceries/product/tinned-pulses-lentils/asda-cannellini-beans-in-water-400g/6038333,ASDA Cannellini Beans in Water,400 g,0.45,2026-10-06,verified_price_snapshot,"Price captured from official Asda product-page listing during the 6 October 2026 review; offers, local prices and availability can change."
Cannellini beans,Aldi,,,,,,no_verified_direct_product_page,No direct official product-detail page has been verified for this ingredient. No search-engine link or price is supplied.
Carrot,Asda,https://www.asda.com/groceries/product/carrots/asda-carrots/1772564,ASDA Carrots,1000 g,,,direct_product_page_price_unverified,"Direct ASDA product page exists, but the page indicated this product was unavailable during review; no price snapshot added."
Carrot,Aldi,https://www.aldi.co.uk/product/nature-s-pick-british-carrots-000000000000339792,Nature's Pick British Carrots,500 g,,,direct_product_page_price_unverified,Direct official ALDI page for a 500 g pack. Price intentionally left blank until checked against the live page.
Celery,Asda,,,,,,no_verified_direct_product_page,No direct official product-detail page has been verified for this ingredient. No search-engine link or price is supplied.
Celery,Aldi,,,,,,no_verified_direct_product_page,No direct official product-detail page has been verified for this ingredient. No search-engine link or price is supplied.
Cheddar,Asda,,,,,,no_verified_direct_product_page,No direct official product-detail page has been verified for this ingredient. No search-engine link or price is supplied.
Cheddar,Aldi,https://www.aldi.co.uk/product/emporium-british-extra-mature-cheddar-cheese-000000000000522620,Emporium British Extra Mature Cheddar Cheese,400 g,2.45,2026-10-06,verified_price_snapshot,"Price captured from official Aldi product-page listing during the 6 October 2026 review; offers, local prices and availability can change."
Cherry tomatoes,Asda,,,,,,no_verified_direct_product_page,No direct official product-detail page has been verified for this ingredient. No search-engine link or price is supplied.
Cherry tomatoes,Aldi,,,,,,no_verified_direct_product_page,No direct official product-detail page has been verified for this ingredient. No search-engine link or price is supplied.
Chia seeds,Asda,https://www.asda.com/groceries/product/baking-nuts-seeds-fruit/asda-chia-seeds-150g/5519935,ASDA Chia Seeds,150 g,1.54,2026-10-06,verified_price_snapshot,"Price captured from official Asda product-page listing during the 6 October 2026 review; offers, local prices and availability can change."
Chia seeds,Aldi,,,,,,no_verified_direct_product_page,No direct official product-detail page has been verified for this ingredient. No search-engine link or price is supplied.
Chicken breast,Asda,https://www.asda.com/groceries/product/chicken-breasts/asda-tender-chicken-breast-fillets-1kg/4778498,ASDA British Chicken Breast Fillets,1000 g,7.00,2026-10-06,verified_price_snapshot,Official ASDA page currently lists 1 kg at £7.00 (£7.00/kg); ASDA notes local prices and availability may vary.
Chicken breast,Aldi,https://www.aldi.co.uk/product/everyday-essentials-chicken-breast-fillets-000000000000365448,Everyday Essentials Chicken Breast Fillets,1000 g,4.25,2026-10-06,verified_price_snapshot,Official ALDI product page lists 1 kg at £4.25; page warns online and in-store prices may vary.
Chicken stock,Asda,https://www.asda.com/groceries/product/stock/asda-chicken-stock-cubes-12-x-10g-120g-/2687967,ASDA Chicken Stock Cubes,120 g,1.25,2026-10-06,verified_price_snapshot,"Price captured from official Asda product-page listing during the 6 October 2026 review; offers, local prices and availability can change."
Chicken stock,Aldi,https://www.aldi.co.uk/product/bramwells-chicken-stock-cubes-000000000000633943,Bramwells Chicken Stock Cubes,120 g,0.69,2026-10-06,verified_price_snapshot,"Price captured from official Aldi product-page listing during the 6 October 2026 review; offers, local prices and availability can change."
Chickpeas,Asda,https://www.asda.com/groceries/product/5016063,ASDA Chickpeas,400 g,0.41,2026-10-06,verified_price_snapshot,"Price captured from official Asda product-page listing during the 6 October 2026 review; offers, local prices and availability can change."
Chickpeas,Aldi,,,,,,no_verified_direct_product_page,No direct official product-detail page has been verified for this ingredient. No search-engine link or price is supplied.
Chilli flakes,Asda,,,,,,no_verified_direct_product_page,No direct official product-detail page has been verified for this ingredient. No search-engine link or price is supplied.
Chilli flakes,Aldi,,,,,,no_verified_direct_product_page,No direct official product-detail page has been verified for this ingredient. No search-engine link or price is supplied.
Chopped tomatoes,Asda,https://www.asda.com/groceries/product/tinned-tomatoes/just-essentials-by-asda-just-essentials-chopped-tomatoes-400g/22744,JUST ESSENTIALS by ASDA Chopped Tomatoes,400 g,0.43,2026-10-06,verified_price_snapshot,"Price captured from official Asda product-page listing during the 6 October 2026 review; offers, local prices and availability can change."
Chopped tomatoes,Aldi,https://www.aldi.co.uk/product/everyday-essentials-chopped-tomatoes-in-tomato-juice-000000000000278702,Everyday Essentials Chopped Tomatoes in Tomato Juice,400 g,0.43,2026-10-06,verified_price_snapshot,"Price captured from official Aldi product-page listing during the 6 October 2026 review; offers, local prices and availability can change."
Cinnamon,Asda,,,,,,no_verified_direct_product_page,No direct official product-detail page has been verified for this ingredient. No search-engine link or price is supplied.
Cinnamon,Aldi,https://www.aldi.co.uk/product/ready-set-cook-ground-cinnamon-000000000000335976,Ready Set Cook Ground Cinnamon,40 g,0.89,2026-10-06,verified_price_snapshot,"Price captured from official Aldi product-page listing during the 6 October 2026 review; offers, local prices and availability can change."
Cocoa powder,Asda,https://www.asda.com/groceries/product/cocoa/asda-cocoa-250g/1823351,ASDA Cocoa Powder,250 g,3.34,2026-10-06,verified_price_snapshot,"Price captured from official Asda product-page listing during the 6 October 2026 review; offers, local prices and availability can change."
Cocoa powder,Aldi,,,,,,no_verified_direct_product_page,No direct official product-detail page has been verified for this ingredient. No search-engine link or price is supplied.
Cod fillet,Asda,https://www.asda.com/groceries/product/frozen-fish-fillets/asda-cod-fillets-by-320g/9221543,ASDA Cod Fillets,320 g,6.27,2026-10-06,verified_price_snapshot,"Price captured from official Asda product-page listing during the 6 October 2026 review; offers, local prices and availability can change."
Cod fillet,Aldi,,,,,,no_verified_direct_product_page,No direct official product-detail page has been verified for this ingredient. No search-engine link or price is supplied.
Cooking oil,Asda,,,,,,no_verified_direct_product_page,No direct official product-detail page has been verified for this ingredient. No search-engine link or price is supplied.
Cooking oil,Aldi,https://www.aldi.co.uk/product/solesta-vegetable-oil-000000000000335872,Solesta Vegetable Oil,1000 ml,1.45,2026-10-06,verified_price_snapshot,"Price captured from official Aldi product-page listing during the 6 October 2026 review; offers, local prices and availability can change."
Cottage cheese,Asda,https://www.asda.com/groceries/product/cottage-cheese-quark/just-essentials-by-asda-cottage-cheese-300g/7449545,JUST ESSENTIALS by ASDA Cottage Cheese,300 g,0.87,2026-10-06,verified_price_snapshot,"Price captured from official Asda product-page listing during the 6 October 2026 review; offers, local prices and availability can change."
Cottage cheese,Aldi,https://www.aldi.co.uk/product/everyday-essentials-low-fat-cottage-cheese-000000000000416217,Everyday Essentials Low Fat Cottage Cheese,300 g,0.85,2026-10-06,verified_price_snapshot,"Price captured from official Aldi product-page listing during the 6 October 2026 review; offers, local prices and availability can change."
Courgette,Asda,https://www.asda.com/groceries/product/courgettes/asda-courgettes-typically-0-35kg-/150567,ASDA Courgettes (typically 0.35kg),350 g,0.82,2026-10-06,verified_price_snapshot,"Price captured from official Asda product-page listing during the 6 October 2026 review; offers, local prices and availability can change."
Courgette,Aldi,https://www.aldi.co.uk/product/nature-s-pick-courgettes-000000000000339808,Nature's Pick Courgettes,500 g,1.39,2026-10-06,verified_price_snapshot,"Price captured from official Aldi product-page listing during the 6 October 2026 review; offers, local prices and availability can change."
Couscous,Asda,,,,,,no_verified_direct_product_page,No direct official product-detail page has been verified for this ingredient. No search-engine link or price is supplied.
Couscous,Aldi,,,,,,no_verified_direct_product_page,No direct official product-detail page has been verified for this ingredient. No search-engine link or price is supplied.
Cucumber,Asda,,,,,,no_verified_direct_product_page,No direct official product-detail page has been verified for this ingredient. No search-engine link or price is supplied.
Cucumber,Aldi,https://www.aldi.co.uk/product/nature-s-pick-cucumber-000000000000273659,Nature's Pick Cucumber,1 pieces,0.99,2026-10-06,verified_price_snapshot,"Price captured from official Aldi product-page listing during the 6 October 2026 review; offers, local prices and availability can change."
Curry paste,Asda,,,,,,no_verified_direct_product_page,No direct official product-detail page has been verified for this ingredient. No search-engine link or price is supplied.
Curry paste,Aldi,https://www.aldi.co.uk/product/ready-set-cook-thai-red-curry-paste-000000000557102001,Ready Set Cook Thai Red Curry Paste,180 g,1.39,2026-10-06,verified_price_snapshot,"Price captured from official Aldi product-page listing during the 6 October 2026 review; offers, local prices and availability can change."
Curry powder,Asda,,,,,,no_verified_direct_product_page,No direct official product-detail page has been verified for this ingredient. No search-engine link or price is supplied.
Curry powder,Aldi,https://www.aldi.co.uk/product/ready-set-cook-mild-curry-powder-000000000336690002,Ready Set Cook Mild Curry Powder,90 g,0.89,2026-10-06,verified_price_snapshot,"Price captured from official Aldi product-page listing during the 6 October 2026 review; offers, local prices and availability can change."
Curry sauce,Asda,,,,,,no_verified_direct_product_page,No direct official product-detail page has been verified for this ingredient. No search-engine link or price is supplied.
Curry sauce,Aldi,,,,,,no_verified_direct_product_page,No direct official product-detail page has been verified for this ingredient. No search-engine link or price is supplied.
Dark chocolate,Asda,https://www.asda.com/groceries/product/sharing-chocolate-bars/asda-dark-chocolate-200g/9112838,ASDA Dark Chocolate,200 g,2.28,2026-10-06,verified_price_snapshot,"Price captured from official Asda product-page listing during the 6 October 2026 review; offers, local prices and availability can change."
Dark chocolate,Aldi,,,,,,no_verified_direct_product_page,No direct official product-detail page has been verified for this ingredient. No search-engine link or price is supplied.
Dates,Asda,,,,,,no_verified_direct_product_page,No direct official product-detail page has been verified for this ingredient. No search-engine link or price is supplied.
Dates,Aldi,,,,,,no_verified_direct_product_page,No direct official product-detail page has been verified for this ingredient. No search-engine link or price is supplied.
Dried dill,Asda,,,,,,no_verified_direct_product_page,No direct official product-detail page has been verified for this ingredient. No search-engine link or price is supplied.
Dried dill,Aldi,,,,,,no_verified_direct_product_page,No direct official product-detail page has been verified for this ingredient. No search-engine link or price is supplied.
Dried mixed herbs,Asda,,,,,,no_verified_direct_product_page,No direct official product-detail page has been verified for this ingredient. No search-engine link or price is supplied.
Dried mixed herbs,Aldi,https://www.aldi.co.uk/product/ready-set-cook-mixed-herbs-000000000000335977,Ready Set Cook Mixed Herbs,11 g,0.59,2026-10-06,verified_price_snapshot,"Price captured from official Aldi product-page listing during the 6 October 2026 review; offers, local prices and availability can change."
Edamame beans,Asda,https://www.asda.com/groceries/product/view-all-frozen-vegetables/asda-edamame-soya-beans-600g/5542185,ASDA Edamame Soya Beans,600 g,3.42,2026-10-06,verified_price_snapshot,"Price captured from official Asda product-page listing during the 6 October 2026 review; offers, local prices and availability can change."
Edamame beans,Aldi,,,,,,no_verified_direct_product_page,No direct official product-detail page has been verified for this ingredient. No search-engine link or price is supplied.
Egg whites,Asda,,,,,,no_verified_direct_product_page,No direct official product-detail page has been verified for this ingredient. No search-engine link or price is supplied.
Egg whites,Aldi,,,,,,no_verified_direct_product_page,No direct official product-detail page has been verified for this ingredient. No search-engine link or price is supplied.
Eggs,Asda,https://www.asda.com/groceries/product/free-range-eggs/asda-6-free-range-large-eggs/166779,ASDA Free Range 6 Large Eggs,6 pieces,2.10,2026-10-06,verified_price_snapshot,"Price captured from official Asda product-page listing during the 6 October 2026 review; offers, local prices and availability can change."
Eggs,Aldi,https://www.aldi.co.uk/product/merevale-free-range-eggs-6-pack-000000000000548465,Merevale Free Range Eggs 6 Pack,6 pieces,0.99,2026-10-06,verified_price_snapshot,"Price captured from official Aldi product-page listing during the 6 October 2026 review; offers, local prices and availability can change."
Fajita seasoning,Asda,,,,,,no_verified_direct_product_page,No direct official product-detail page has been verified for this ingredient. No search-engine link or price is supplied.
Fajita seasoning,Aldi,,,,,,no_verified_direct_product_page,No direct official product-detail page has been verified for this ingredient. No search-engine link or price is supplied.
Feta cheese,Asda,,,,,,no_verified_direct_product_page,No direct official product-detail page has been verified for this ingredient. No search-engine link or price is supplied.
Feta cheese,Aldi,https://www.aldi.co.uk/product/specially-selected-barrel-aged-feta-cheese-000000000000558048,Specially Selected Barrel Aged Feta Cheese,200 g,2.59,2026-10-06,verified_price_snapshot,"Price captured from official Aldi product-page listing during the 6 October 2026 review; offers, local prices and availability can change."
Firm tofu,Asda,,,,,,no_verified_direct_product_page,No direct official product-detail page has been verified for this ingredient. No search-engine link or price is supplied.
Firm tofu,Aldi,https://www.aldi.co.uk/product/plant-menu-organic-super-firm-tofu-000000000513086001,Plant Menu Organic Super Firm Tofu,180 g,0.95,2026-10-06,verified_price_snapshot,"Price captured from official Aldi product-page listing during the 6 October 2026 review; offers, local prices and availability can change."
Frozen berries,Asda,,,,,,no_verified_direct_product_page,No direct official product-detail page has been verified for this ingredient. No search-engine link or price is supplied.
Frozen berries,Aldi,,,,,,no_verified_direct_product_page,No direct official product-detail page has been verified for this ingredient. No search-engine link or price is supplied.
Frozen mixed peppers,Asda,,,,,,no_verified_direct_product_page,No direct official product-detail page has been verified for this ingredient. No search-engine link or price is supplied.
Frozen mixed peppers,Aldi,,,,,,no_verified_direct_product_page,No direct official product-detail page has been verified for this ingredient. No search-engine link or price is supplied.
Frozen mixed vegetables,Asda,,,,,,no_verified_direct_product_page,No direct official product-detail page has been verified for this ingredient. No search-engine link or price is supplied.
Frozen mixed vegetables,Aldi,https://www.aldi.co.uk/product/four-seasons-mixed-vegetables-000000000000366028,Four Seasons Mixed Vegetables,1000 g,,,direct_product_page_price_unverified,Direct official ALDI page for frozen mixed vegetables. Price intentionally left blank because the indexed price may be stale.
Frozen peas,Asda,,,,,,no_verified_direct_product_page,No direct official product-detail page has been verified for this ingredient. No search-engine link or price is supplied.
Frozen peas,Aldi,,,,,,no_verified_direct_product_page,No direct official product-detail page has been verified for this ingredient. No search-engine link or price is supplied.
Garlic,Asda,,,,,,no_verified_direct_product_page,No direct official product-detail page has been verified for this ingredient. No search-engine link or price is supplied.
Garlic,Aldi,https://www.aldi.co.uk/product/nature-s-pick-garlic-000000000000273810,Nature's Pick Garlic,4 pieces,,,direct_product_page_price_unverified,Direct official ALDI page for a four-pack of garlic. Price intentionally left blank because the indexed price may be stale.
Grapes,Asda,,,,,,no_verified_direct_product_page,No direct official product-detail page has been verified for this ingredient. No search-engine link or price is supplied.
Grapes,Aldi,https://www.aldi.co.uk/product/nature-s-pick-white-seedless-grapes-000000000000266267,Nature's Pick White Seedless Grapes,500 g,1.89,2026-10-06,verified_price_snapshot,"Price captured from official Aldi product-page listing during the 6 October 2026 review; offers, local prices and availability can change."
Green beans,Asda,,,,,,no_verified_direct_product_page,No direct official product-detail page has been verified for this ingredient. No search-engine link or price is supplied.
Green beans,Aldi,https://www.aldi.co.uk/product/four-seasons-whole-green-beans-000000000275878001,Four Seasons Whole Green Beans,1000 g,,,direct_product_page_price_unverified,Direct official ALDI page for frozen whole green beans. The visible index price was not treated as a current snapshot; verify the current page before saving a price.
Ground cumin,Asda,,,,,,no_verified_direct_product_page,No direct official product-detail page has been verified for this ingredient. No search-engine link or price is supplied.
Ground cumin,Aldi,,,,,,no_verified_direct_product_page,No direct official product-detail page has been verified for this ingredient. No search-engine link or price is supplied.
Halloumi,Asda,https://www.asda.com/groceries/product/feta-halloumi-salad/asda-halloumi-225g/6487115,ASDA Halloumi,225 g,1.97,2026-10-06,verified_price_snapshot,"Price captured from official Asda product-page listing during the 6 October 2026 review; offers, local prices and availability can change."
Halloumi,Aldi,https://www.aldi.co.uk/product/emporium-halloumi-plain-225g-000000000000612513,Emporium Halloumi Plain,225 g,1.99,2026-10-06,verified_price_snapshot,"Price captured from official Aldi product-page listing during the 6 October 2026 review; offers, local prices and availability can change."
High-protein natural yoghurt,Asda,https://www.asda.com/groceries/product/high-in-protein/asda-fat-free-protein-natural-yogurt-500g/9375176,ASDA Fat Free Protein Natural Yogurt,500 g,1.85,2026-10-06,verified_price_snapshot,"Price captured from official Asda product-page listing during the 6 October 2026 review; offers, local prices and availability can change."
High-protein natural yoghurt,Aldi,,,,,,no_verified_direct_product_page,No direct official product-detail page has been verified for this ingredient. No search-engine link or price is supplied.
Honey,Asda,,,,,,no_verified_direct_product_page,No direct official product-detail page has been verified for this ingredient. No search-engine link or price is supplied.
Honey,Aldi,,,,,,no_verified_direct_product_page,No direct official product-detail page has been verified for this ingredient. No search-engine link or price is supplied.
Hot sauce,Asda,,,,,,no_verified_direct_product_page,No direct official product-detail page has been verified for this ingredient. No search-engine link or price is supplied.
Hot sauce,Aldi,,,,,,no_verified_direct_product_page,No direct official product-detail page has been verified for this ingredient. No search-engine link or price is supplied.
Kidney beans,Asda,,,,,,no_verified_direct_product_page,No direct official product-detail page has been verified for this ingredient. No search-engine link or price is supplied.
Kidney beans,Aldi,https://www.aldi.co.uk/product/everyday-essentials-red-kidney-beans-000000000000623466,Everyday Essentials Red Kidney Beans,260 g,,,direct_product_page_price_unverified,Direct official ALDI page for tinned red kidney beans. Price intentionally left blank because the indexed price may be stale.
Kiwi,Asda,,,,,,no_verified_direct_product_page,No direct official product-detail page has been verified for this ingredient. No search-engine link or price is supplied.
Kiwi,Aldi,,,,,,no_verified_direct_product_page,No direct official product-detail page has been verified for this ingredient. No search-engine link or price is supplied.
Lean ham,Asda,,,,,,no_verified_direct_product_page,No direct official product-detail page has been verified for this ingredient. No search-engine link or price is supplied.
Lean ham,Aldi,,,,,,no_verified_direct_product_page,No direct official product-detail page has been verified for this ingredient. No search-engine link or price is supplied.
Lean pork,Asda,,,,,,no_verified_direct_product_page,No direct official product-detail page has been verified for this ingredient. No search-engine link or price is supplied.
Lean pork,Aldi,,,,,,no_verified_direct_product_page,No direct official product-detail page has been verified for this ingredient. No search-engine link or price is supplied.
Lemon,Asda,,,,,,no_verified_direct_product_page,No direct official product-detail page has been verified for this ingredient. No search-engine link or price is supplied.
Lemon,Aldi,,,,,,no_verified_direct_product_page,No direct official product-detail page has been verified for this ingredient. No search-engine link or price is supplied.
Lemon juice,Asda,,,,,,no_verified_direct_product_page,No direct official product-detail page has been verified for this ingredient. No search-engine link or price is supplied.
Lemon juice,Aldi,,,,,,no_verified_direct_product_page,No direct official product-detail page has been verified for this ingredient. No search-engine link or price is supplied.
Lentils,Asda,,,,,,no_verified_direct_product_page,No direct official product-detail page has been verified for this ingredient. No search-engine link or price is supplied.
Lentils,Aldi,https://www.aldi.co.uk/product/four-seasons-tinned-lentils-000000000627180002,Four Seasons Tinned Lentils,400 g,0.45,2026-10-06,verified_price_snapshot,"Price captured from official Aldi product-page listing during the 6 October 2026 review; offers, local prices and availability can change."
Lettuce,Asda,,,,,,no_verified_direct_product_page,No direct official product-detail page has been verified for this ingredient. No search-engine link or price is supplied.
Lettuce,Aldi,,,,,,no_verified_direct_product_page,No direct official product-detail page has been verified for this ingredient. No search-engine link or price is supplied.
Light burger sauce,Asda,,,,,,no_verified_direct_product_page,No direct official product-detail page has been verified for this ingredient. No search-engine link or price is supplied.
Light burger sauce,Aldi,,,,,,no_verified_direct_product_page,No direct official product-detail page has been verified for this ingredient. No search-engine link or price is supplied.
Light Caesar dressing,Asda,,,,,,no_verified_direct_product_page,No direct official product-detail page has been verified for this ingredient. No search-engine link or price is supplied.
Light Caesar dressing,Aldi,,,,,,no_verified_direct_product_page,No direct official product-detail page has been verified for this ingredient. No search-engine link or price is supplied.
Light coconut milk,Asda,,,,,,no_verified_direct_product_page,No direct official product-detail page has been verified for this ingredient. No search-engine link or price is supplied.
Light coconut milk,Aldi,,,,,,no_verified_direct_product_page,No direct official product-detail page has been verified for this ingredient. No search-engine link or price is supplied.
Light cream cheese,Asda,,,,,,no_verified_direct_product_page,No direct official product-detail page has been verified for this ingredient. No search-engine link or price is supplied.
Light cream cheese,Aldi,,,,,,no_verified_direct_product_page,No direct official product-detail page has been verified for this ingredient. No search-engine link or price is supplied.
Lime,Asda,,,,,,no_verified_direct_product_page,No direct official product-detail page has been verified for this ingredient. No search-engine link or price is supplied.
Lime,Aldi,,,,,,no_verified_direct_product_page,No direct official product-detail page has been verified for this ingredient. No search-engine link or price is supplied.
Mandarin,Asda,,,,,,no_verified_direct_product_page,No direct official product-detail page has been verified for this ingredient. No search-engine link or price is supplied.
Mandarin,Aldi,,,,,,no_verified_direct_product_page,No direct official product-detail page has been verified for this ingredient. No search-engine link or price is supplied.
Melon,Asda,,,,,,no_verified_direct_product_page,No direct official product-detail page has been verified for this ingredient. No search-engine link or price is supplied.
Melon,Aldi,,,,,,no_verified_direct_product_page,No direct official product-detail page has been verified for this ingredient. No search-engine link or price is supplied.
Milk,Asda,https://www.asda.com/groceries/product/filtered-milk/asda-british-milk-filtered-semi-skimmed-2-litres/7504719,ASDA British Filtered Semi Skimmed Milk,2000 ml,2.08,2026-10-06,verified_price_snapshot,"Price captured from official Asda product-page listing during the 6 October 2026 review; offers, local prices and availability can change."
Milk,Aldi,https://www.aldi.co.uk/product/cowbelle-filtered-british-semi-skimmed-milk-000000000000417584,Cowbelle Filtered British Semi Skimmed Milk,2000 ml,1.69,2026-10-06,verified_price_snapshot,"Price captured from official Aldi product-page listing during the 6 October 2026 review; offers, local prices and availability can change."
Mixed salad,Asda,,,,,,no_verified_direct_product_page,No direct official product-detail page has been verified for this ingredient. No search-engine link or price is supplied.
Mixed salad,Aldi,,,,,,no_verified_direct_product_page,No direct official product-detail page has been verified for this ingredient. No search-engine link or price is supplied.
Mushrooms,Asda,,,,,,no_verified_direct_product_page,No direct official product-detail page has been verified for this ingredient. No search-engine link or price is supplied.
Mushrooms,Aldi,https://www.aldi.co.uk/product/ready-set-cook-sliced-mushrooms-000000000367190001,Ready Set Cook Sliced Mushrooms,500 g,,,direct_product_page_price_unverified,Direct official ALDI page for sliced mushrooms. Price intentionally left blank because the indexed price may be stale.
Mustard,Asda,,,,,,no_verified_direct_product_page,No direct official product-detail page has been verified for this ingredient. No search-engine link or price is supplied.
Mustard,Aldi,https://www.aldi.co.uk/product/bramwells-english-mustard-000000000335764002,Bramwells English Mustard,200 g,0.49,2026-10-06,verified_price_snapshot,"Price captured from official Aldi product-page listing during the 6 October 2026 review; offers, local prices and availability can change."
Noodles,Asda,https://www.asda.com/groceries/product/noodles/asda-straight-to-wok-noodles-300g/5295909,ASDA Straight to Wok Noodles,300 g,1.00,2026-10-06,verified_price_snapshot,"Price captured from official Asda product-page listing during the 6 October 2026 review; offers, local prices and availability can change."
Noodles,Aldi,https://www.aldi.co.uk/product/ready-set-cook-rice-noodles-000000000340666001,Ready Set Cook Rice Noodles,300 g,0.99,2026-10-06,verified_price_snapshot,Official ALDI product-page snapshot for rice noodles; check this is the noodle type required by the recipe.
Oat biscuits,Asda,,,,,,no_verified_direct_product_page,No direct official product-detail page has been verified for this ingredient. No search-engine link or price is supplied.
Oat biscuits,Aldi,,,,,,no_verified_direct_product_page,No direct official product-detail page has been verified for this ingredient. No search-engine link or price is supplied.
Oats,Asda,https://www.asda.com/groceries/product/traditional-porridge-oats/asda-scottish-porridge-oats-1kg/5805443,ASDA Scottish Porridge Oats,1000 g,1.18,2026-10-06,verified_price_snapshot,Official ASDA page displayed £1.18 against a previous £1.25 price; offer may change.
Oats,Aldi,https://www.aldi.co.uk/product/everyday-essentials-porridge-oats-000000000000337387,Everyday Essentials Porridge Oats,1000 g,0.85,2026-10-06,verified_price_snapshot,"Price captured from official Aldi product-page listing during the 6 October 2026 review; offers, local prices and availability can change."
Olive oil,Asda,https://www.asda.com/groceries/product/olive-oil/asda-olive-oil-500ml/9019015,ASDA Olive Oil,500 ml,5.50,2026-10-06,verified_price_snapshot,"Price captured from official Asda product-page listing during the 6 October 2026 review; offers, local prices and availability can change."
Olive oil,Aldi,,,,,,no_verified_direct_product_page,No direct official product-detail page has been verified for this ingredient. No search-engine link or price is supplied.
Onion,Asda,https://www.asda.com/groceries/product/onions-leeks/asda-brown-onions-1kg/2110666,ASDA Brown Onions,1000 g,0.98,2026-10-06,verified_price_snapshot,"Price captured from official Asda product-page listing during the 6 October 2026 review; offers, local prices and availability can change."
Onion,Aldi,,,,,,no_verified_direct_product_page,No direct official product-detail page has been verified for this ingredient. No search-engine link or price is supplied.
Orange,Asda,,,,,,no_verified_direct_product_page,No direct official product-detail page has been verified for this ingredient. No search-engine link or price is supplied.
Orange,Aldi,https://www.aldi.co.uk/product/nature-s-pick-large-oranges-000000000000267083,Nature's Pick Large Oranges,4 pieces,,,direct_product_page_price_unverified,Direct official ALDI page for a four-orange pack. Price intentionally left blank because the indexed price may be stale.
Orzo,Asda,,,,,,no_verified_direct_product_page,No direct official product-detail page has been verified for this ingredient. No search-engine link or price is supplied.
Orzo,Aldi,,,,,,no_verified_direct_product_page,No direct official product-detail page has been verified for this ingredient. No search-engine link or price is supplied.
Paprika,Asda,https://www.asda.com/groceries/product/spices/cook-by-asda-cook-paprika-46g/544306,Cook by ASDA Paprika,46 g,1.00,2026-10-06,verified_price_snapshot,"Price captured from official Asda product-page listing during the 6 October 2026 review; offers, local prices and availability can change."
Paprika,Aldi,https://www.aldi.co.uk/product/ready-set-cook-paprika-000000000000575019,Ready Set Cook Paprika,40 g,0.69,2026-10-06,verified_price_snapshot,"Price captured from official Aldi product-page listing during the 6 October 2026 review; offers, local prices and availability can change."
Parmesan,Asda,,,,,,no_verified_direct_product_page,No direct official product-detail page has been verified for this ingredient. No search-engine link or price is supplied.
Parmesan,Aldi,,,,,,no_verified_direct_product_page,No direct official product-detail page has been verified for this ingredient. No search-engine link or price is supplied.
Passata,Asda,https://www.asda.com/groceries/product/passata-and-tomato-puree/asda-passata-500g/226958,ASDA Passata,500 g,0.60,2026-10-06,verified_price_snapshot,"Price captured from official Asda product-page listing during the 6 October 2026 review; offers, local prices and availability can change."
Passata,Aldi,,,,,,no_verified_direct_product_page,No direct official product-detail page has been verified for this ingredient. No search-engine link or price is supplied.
Pasta,Asda,https://www.asda.com/groceries/product/spaghetti-tagliatelle/spaghetti-500g/12943,ASDA Spaghetti,500 g,0.75,2026-10-06,verified_price_snapshot,Official ASDA page showed £0.75 for one 500 g pack; a multibuy offer was also displayed and may change.
Pasta,Aldi,https://www.aldi.co.uk/product/everyday-essentials-spaghetti-pasta-500g-000000000000306030,Everyday Essentials Spaghetti Pasta,500 g,0.28,2026-10-06,verified_price_snapshot,"Price captured from official Aldi product-page listing during the 6 October 2026 review; offers, local prices and availability can change."
Peanut butter,Asda,,,,,,no_verified_direct_product_page,No direct official product-detail page has been verified for this ingredient. No search-engine link or price is supplied.
Peanut butter,Aldi,https://www.aldi.co.uk/product/grandessa-smooth-peanut-butter-000000000283841001,Grandessa Smooth Peanut Butter,340 g,0.95,2026-10-06,verified_price_snapshot,"Price captured from official Aldi product-page listing during the 6 October 2026 review; offers, local prices and availability can change."
Pear,Asda,,,,,,no_verified_direct_product_page,No direct official product-detail page has been verified for this ingredient. No search-engine link or price is supplied.
Pear,Aldi,,,,,,no_verified_direct_product_page,No direct official product-detail page has been verified for this ingredient. No search-engine link or price is supplied.
Pesto,Asda,https://www.asda.com/groceries/product/pesto/exceptional-by-asda-pesto-alla-genovese-190g/9009352,Exceptional by ASDA Pesto Alla Genovese,190 g,2.00,2026-10-06,verified_price_snapshot,"Price captured from official Asda product-page listing during the 6 October 2026 review; offers, local prices and availability can change."
Pesto,Aldi,https://www.aldi.co.uk/product/cucina-basil-pesto-000000000337284001,Cucina Basil Pesto,190 g,0.89,2026-10-06,verified_price_snapshot,"Price captured from official Aldi product-page listing during the 6 October 2026 review; offers, local prices and availability can change."
Potato,Asda,https://www.asda.com/groceries/product/white-potatoes/asda-british-white-potatoes-2kg/9402722,ASDA British White Potatoes,2000 g,1.32,2026-10-06,verified_price_snapshot,"Price captured from official Asda product-page listing during the 6 October 2026 review; offers, local prices and availability can change."
Potato,Aldi,,,,,,no_verified_direct_product_page,No direct official product-detail page has been verified for this ingredient. No search-engine link or price is supplied.
Prawns,Asda,https://www.asda.com/groceries/product/prawns-mussels/asda-succulent-cooked-peeled-cold-water-prawns-150g/6305703,ASDA Succulent Cooked Peeled Cold Water Prawns,150 g,3.57,2026-10-06,verified_price_snapshot,"Price captured from official Asda product-page listing during the 6 October 2026 review; offers, local prices and availability can change."
Prawns,Aldi,https://www.aldi.co.uk/product/specially-selected-cooked-peeled-extra-large-king-prawns-000000000000602839,Specially Selected Cooked Peeled Extra Large King Prawns,150 g,2.99,2026-10-06,verified_price_snapshot,"Price captured from official Aldi product-page listing during the 6 October 2026 review; offers, local prices and availability can change."
Quark,Asda,https://www.asda.com/groceries/product/cottage-cheese-quark/arla-quark-natural-fat-free-soft-cheese-250g/9370148,Arla Quark Natural Fat Free Soft Cheese,250 g,1.30,2026-10-06,verified_price_snapshot,"Price captured from official Asda product-page listing during the 6 October 2026 review; offers, local prices and availability can change."
Quark,Aldi,,,,,,no_verified_direct_product_page,No direct official product-detail page has been verified for this ingredient. No search-engine link or price is supplied.
Red lentils,Asda,https://www.asda.com/groceries/product/5021677,ASDA Red Lentils,500 g,2.00,2026-10-06,verified_price_snapshot,"Price captured from official Asda product-page listing during the 6 October 2026 review; offers, local prices and availability can change."
Red lentils,Aldi,https://www.aldi.co.uk/product/worldwide-foods-red-lentils-000000000000336258,Worldwide Foods Red Lentils,500 g,0.89,2026-10-06,verified_price_snapshot,"Price captured from official Aldi product-page listing during the 6 October 2026 review; offers, local prices and availability can change."
Rice,Asda,https://www.asda.com/groceries/product/long-grain-basmati-rice/asda-easy-cook-long-grain-white-rice/9132441,ASDA Easy Cook Long Grain White Rice,1000 g,1.25,2026-10-06,verified_price_snapshot,"Price captured from official Asda product-page listing during the 6 October 2026 review; offers, local prices and availability can change."
Rice,Aldi,https://www.aldi.co.uk/product/worldwide-foods-basmati-rice-000000000000262344,Worldwide Foods Basmati Rice,1000 g,1.79,2026-10-06,verified_price_snapshot,"Price captured from official Aldi product-page listing during the 6 October 2026 review; offers, local prices and availability can change."
Romaine lettuce,Asda,https://www.asda.com/groceries/product/lettuce/asda-british-cos-lettuce/5494309,ASDA British Cos Lettuce,1 pieces,,,direct_product_page_price_unverified,"Direct ASDA product page exists, but the page indicated this product was unavailable during review; no price snapshot added."
Romaine lettuce,Aldi,https://www.aldi.co.uk/product/nature-s-pick-british-romaine-lettuce-000000000000339921,Nature's Pick British Romaine Lettuce,2 pieces,1.15,2026-10-06,verified_price_snapshot,"Price captured from official Aldi product-page listing during the 6 October 2026 review; offers, local prices and availability can change."
Salmon fillet,Asda,,,,,,no_verified_direct_product_page,No direct official product-detail page has been verified for this ingredient. No search-engine link or price is supplied.
Salmon fillet,Aldi,https://www.aldi.co.uk/product/the-fishmonger-salmon-fillets-000000000000381995,The Fishmonger Salmon Fillets,240 g,3.59,2026-10-06,verified_price_snapshot,"Price captured from official Aldi product-page listing during the 6 October 2026 review; offers, local prices and availability can change."
Skyr yoghurt,Asda,,,,,,no_verified_direct_product_page,No direct official product-detail page has been verified for this ingredient. No search-engine link or price is supplied.
Skyr yoghurt,Aldi,,,,,,no_verified_direct_product_page,No direct official product-detail page has been verified for this ingredient. No search-engine link or price is supplied.
Smoked salmon,Asda,,,,,,no_verified_direct_product_page,No direct official product-detail page has been verified for this ingredient. No search-engine link or price is supplied.
Smoked salmon,Aldi,,,,,,no_verified_direct_product_page,No direct official product-detail page has been verified for this ingredient. No search-engine link or price is supplied.
Soy sauce,Asda,,,,,,no_verified_direct_product_page,No direct official product-detail page has been verified for this ingredient. No search-engine link or price is supplied.
Soy sauce,Aldi,,,,,,no_verified_direct_product_page,No direct official product-detail page has been verified for this ingredient. No search-engine link or price is supplied.
Spinach,Asda,,,,,,no_verified_direct_product_page,No direct official product-detail page has been verified for this ingredient. No search-engine link or price is supplied.
Spinach,Aldi,https://www.aldi.co.uk/product/nature-s-pick-british-baby-spinach-000000000000340023,Nature's Pick British Baby Spinach,450 g,1.59,2026-10-06,verified_price_snapshot,"Price captured from official Aldi product-page listing during the 6 October 2026 review; offers, local prices and availability can change."
Strawberries,Asda,,,,,,no_verified_direct_product_page,No direct official product-detail page has been verified for this ingredient. No search-engine link or price is supplied.
Strawberries,Aldi,https://www.aldi.co.uk/product/nature-s-pick-strawberries-000000000000339980,Nature's Pick Strawberries,400 g,2.15,2026-10-06,verified_price_snapshot,"Price captured from official Aldi product-page listing during the 6 October 2026 review; offers, local prices and availability can change."
Sweet potato,Asda,https://www.asda.com/groceries/product/sweet-potatoes/asda-creamy-flavoursome-sweet-potatoes-1kg/2076628,ASDA Creamy & Flavoursome Sweet Potatoes,1000 g,1.24,2026-10-06,verified_price_snapshot,"Price captured from official Asda product-page listing during the 6 October 2026 review; offers, local prices and availability can change."
Sweet potato,Aldi,,,,,,no_verified_direct_product_page,No direct official product-detail page has been verified for this ingredient. No search-engine link or price is supplied.
Sweetcorn,Asda,https://www.asda.com/groceries/product/vegetables/asda-frozen-for-freshness-sweetcorn/2027119,ASDA Frozen for Freshness Sweetcorn,1000 g,1.70,2026-10-06,verified_price_snapshot,"Price captured from official Asda product-page listing during the 6 October 2026 review; offers, local prices and availability can change."
Sweetcorn,Aldi,,,,,,no_verified_direct_product_page,No direct official product-detail page has been verified for this ingredient. No search-engine link or price is supplied.
Sweetener,Asda,,,,,,no_verified_direct_product_page,No direct official product-detail page has been verified for this ingredient. No search-engine link or price is supplied.
Sweetener,Aldi,,,,,,no_verified_direct_product_page,No direct official product-detail page has been verified for this ingredient. No search-engine link or price is supplied.
Taco seasoning,Asda,,,,,,no_verified_direct_product_page,No direct official product-detail page has been verified for this ingredient. No search-engine link or price is supplied.
Taco seasoning,Aldi,,,,,,no_verified_direct_product_page,No direct official product-detail page has been verified for this ingredient. No search-engine link or price is supplied.
Teriyaki sauce,Asda,https://www.asda.com/groceries/product/hot-chilli-sauces/asda-teriyaki-sauce-300g/9289308,ASDA Teriyaki Sauce,300 g,2.24,2026-10-06,verified_price_snapshot,"Price captured from official Asda product-page listing during the 6 October 2026 review; offers, local prices and availability can change."
Teriyaki sauce,Aldi,https://www.aldi.co.uk/product/asia-specialities-teriyaki-sauce-000000000337196003,Asia Specialities Teriyaki Sauce,285 g,1.39,2026-10-06,verified_price_snapshot,"Price captured from official Aldi product-page listing during the 6 October 2026 review; offers, local prices and availability can change."
Tikka seasoning,Asda,,,,,,no_verified_direct_product_page,No direct official product-detail page has been verified for this ingredient. No search-engine link or price is supplied.
Tikka seasoning,Aldi,,,,,,no_verified_direct_product_page,No direct official product-detail page has been verified for this ingredient. No search-engine link or price is supplied.
Tomato,Asda,,,,,,no_verified_direct_product_page,No direct official product-detail page has been verified for this ingredient. No search-engine link or price is supplied.
Tomato,Aldi,,,,,,no_verified_direct_product_page,No direct official product-detail page has been verified for this ingredient. No search-engine link or price is supplied.
Tuna,Asda,https://www.asda.com/groceries/product/tuna/asda-skipjack-tuna-chunks-in-spring-water/6117168,ASDA Skipjack Tuna Chunks in Spring Water,145 g,0.65,2026-10-06,verified_price_snapshot,"Price captured from official Asda product-page listing during the 6 October 2026 review; offers, local prices and availability can change."
Tuna,Aldi,,,,,,no_verified_direct_product_page,No direct official product-detail page has been verified for this ingredient. No search-engine link or price is supplied.
Turkey mince,Asda,https://www.asda.com/groceries/product/turkey/asda-lean-turkey-mince-500g/4457673,ASDA Lean Turkey Mince,500 g,4.17,2026-10-06,verified_price_snapshot,"Price captured from official Asda product-page listing during the 6 October 2026 review; offers, local prices and availability can change."
Turkey mince,Aldi,https://www.aldi.co.uk/product/ashfields-british-turkey-mince-7-fat-000000000000386144,Ashfields British Turkey Mince 7% Fat,500 g,2.99,2026-10-06,verified_price_snapshot,"Price captured from official Aldi product-page listing during the 6 October 2026 review; offers, local prices and availability can change."
Turkey sausages,Asda,https://www.asda.com/groceries/product/sausages/asda-8-succulent-turkey-sausages-454g/5082487,ASDA 8 Succulent Turkey Sausages,454 g,3.50,2026-10-06,verified_price_snapshot,"Price captured from official Asda product-page listing during the 6 October 2026 review; offers, local prices and availability can change."
Turkey sausages,Aldi,,,,,,no_verified_direct_product_page,No direct official product-detail page has been verified for this ingredient. No search-engine link or price is supplied.
Walnuts,Asda,https://www.asda.com/groceries/product/raw-nuts-seeds/asda-walnuts-200g/7359203,ASDA Walnuts,200 g,2.18,2026-10-06,verified_price_snapshot,"Price captured from official Asda product-page listing during the 6 October 2026 review; offers, local prices and availability can change."
Walnuts,Aldi,,,,,,no_verified_direct_product_page,No direct official product-detail page has been verified for this ingredient. No search-engine link or price is supplied.
Whey protein powder,Asda,,,,,,no_verified_direct_product_page,No direct official product-detail page has been verified for this ingredient. No search-engine link or price is supplied.
Whey protein powder,Aldi,,,,,,no_verified_direct_product_page,No direct official product-detail page has been verified for this ingredient. No search-engine link or price is supplied.
Wholegrain crackers,Asda,,,,,,no_verified_direct_product_page,No direct official product-detail page has been verified for this ingredient. No search-engine link or price is supplied.
Wholegrain crackers,Aldi,,,,,,no_verified_direct_product_page,No direct official product-detail page has been verified for this ingredient. No search-engine link or price is supplied.
Wholemeal bread,Asda,https://www.asda.com/groceries/product/wholemeal-bread/the-bakery-at-asda-the-bakery-farmhouse-wholemeal-440g/7427615,The Bakery at ASDA Farmhouse Wholemeal Bread,440 g,0.93,2026-10-06,verified_price_snapshot,"Price captured from official Asda product-page listing during the 6 October 2026 review; offers, local prices and availability can change."
Wholemeal bread,Aldi,https://www.aldi.co.uk/product/everyday-essentials-medium-sliced-wholemeal-bread-000000000383372002,Everyday Essentials Medium Sliced Wholemeal Bread,800 g,0.55,2026-10-06,verified_price_snapshot,"Price captured from official Aldi product-page listing during the 6 October 2026 review; offers, local prices and availability can change."
Wholemeal pitta,Asda,,,,,,no_verified_direct_product_page,No direct official product-detail page has been verified for this ingredient. No search-engine link or price is supplied.
Wholemeal pitta,Aldi,,,,,,no_verified_direct_product_page,No direct official product-detail page has been verified for this ingredient. No search-engine link or price is supplied.
Wholemeal wrap,Asda,https://www.asda.com/groceries/product/wraps/the-bakery-at-asda-the-bakery-8-wholemeal-wraps-488g/3207137,The Bakery at ASDA 8 Wholemeal Wraps,8 pieces,1.32,2026-10-06,verified_price_snapshot,"Price captured from official Asda product-page listing during the 6 October 2026 review; offers, local prices and availability can change."
Wholemeal wrap,Aldi,,,,,,no_verified_direct_product_page,No direct official product-detail page has been verified for this ingredient. No search-engine link or price is supplied.
